"","last","first"
"1","## A","* E"
"2","## A","* J"
"3","## B","* L"
"4","## B","* H"
"5","## B","* A"
"6","## B","* M"
"7","## B","* A"
"8","## B","* S"
"9","## B","* O"
"10","## C","* J"
"11","## C","* E"
"12","## C","* Z"
"13","## C","* R"
"14","## C","* M"
"15","## D","* L"
"16","## D","* L"
"17","## D","* R"
"18","## D","* J"
"19","## D","* D"
"20","## D","* K"
"21","## E","* Z"
"22","## F","* Z"
"23","## F","* L"
"24","## F","* G"
"25","## F","* C"
"26","## G","* S"
"27","## G","* M"
"28","## G","* E"
"29","## G","* J"
"30","## G","* E"
"31","## H","* D"
"32","## H","* J"
"33","## H","* S"
"34","## H","* J"
"35","## H","* J"
"36","## J","* V"
"37","## K","* M"
"38","## M","* G"
"39","## M","* C"
"40","## M","* N"
"41","## M","* N"
"42","## M","* S"
"43","## N","* M"
"44","## N","* N"
"45","## P","* H"
"46","## P","* S"
"47","## P","* C"
"48","## P","* J"
"49","## P","* J"
"50","## R","* V"
"51","## R","* V"
"52","## R","* A"
"53","## R","* R"
"54","## R","* C"
"55","## R","* R"
"56","## S","* S"
"57","## S","* J"
"58","## S","* A"
"59","## S","* V"
"60","## S","* D"
"61","## S","* E"
"62","## S","* I"
"63","## S","* B"
"64","## S","* E"
"65","## S","* V"
"66","## T","* A"
"67","## V","* T"
"68","## V","* A"
"69","## V","* T"
"70","## W","* A"
"71","## W","* G"
"72","## X","* X"
"73","## Y","* X"
"74","## Y","* S"
"75","## Y","* H"
"76","## Z","* Y"
